{"Test loss":0.04376009160902087,"_wandb":{"runtime":9833},"_timestamp":1.747654090381121e+09,"Test accuracy":39.074803149606296,"Train Accuracy":0.6817790354330708,"Epoch":10,"_step":10,"_runtime":9823.1517821,"Train Loss":0.03744817848727987}