{"Test F1":0.39872762242935345,"_wandb":{"runtime":13724},"Test Recall":0.5,"Train Recall":0.5097480385445737,"Epoch":10,"Train AUROC":0.6747988565213465,"Test AUROC":0.707261641624576,"Train Precision":0.5975156009506843,"Train Accuracy":0.6686146653543307,"Train Loss":0.03784213545108874,"Test loss":0.039111762732912704,"Test Precision":0.3315698818897638,"_step":10,"Train AUPRC":0.8052668232794059,"Train F1":0.43269847971985376,"Test AUPRC":0.812800299235517,"Test accuracy":66.31397637795276,"_runtime":13708.9282527,"_timestamp":1.7477988365618222e+09}