{"Train AUROC":0.9425890767819389,"Train Accuracy":0.9215674212598425,"Test accuracy":80.68405511811024,"Test Precision":0.7918376716840718,"Test AUROC":0.8698154814460184,"Test AUPRC":0.9143578135527349,"Test Recall":0.764641310585339,"Train Precision":0.9144347505121004,"Train F1":0.9108385529048613,"Test loss":0.03130609114603029,"Train Loss":0.02436287858428096,"Train Recall":0.9075348457067951,"Epoch":50,"Test F1":0.7747961016820053,"_step":50,"_runtime":3805.8595277,"Train AUPRC":0.9561352499131377,"_wandb":{"runtime":3812},"_timestamp":1.7479240293904357e+09}