{"Train AUPRC":0.8233217639786935,"Test accuracy":65.05905511811024,"_wandb":{"runtime":34525},"Train Precision":0.6426900992311542,"Test loss":0.0413995974176512,"_runtime":34489.9459782,"_timestamp":1.7478539953094625e+09,"Train F1":0.6128086410659853,"Test Precision":0.32529527559055116,"Epoch":25,"Train Loss":0.036853940873296825,"Train Accuracy":0.6936515748031497,"Train AUROC":0.7089745367497663,"Test AUROC":0.6601279005348277,"_step":25,"Test Recall":0.5,"Train Recall":0.6085850981599729,"Test AUPRC":0.7832921015244385,"Test F1":0.3941562313655337}