{"Train Precision":0.6655218560840332,"_runtime":7145.4802807,"_timestamp":1.747861192495097e+09,"Train Recall":0.6372911711928994,"Train AUPRC":0.8306303394888808,"Test F1":0.663250977674202,"_step":50,"Test AUROC":0.7473366662555851,"_wandb":{"runtime":7148},"Test Precision":0.6627213614022391,"Test loss":0.0362946257787192,"Epoch":50,"Train AUROC":0.7309178683084951,"Train Accuracy":0.7079232283464567,"Train Loss":0.03614142570483286,"Test accuracy":69.80807086614173,"Test AUPRC":0.8453405283705768,"Train F1":0.64378243461737,"Test Recall":0.6638166070598503}