{"Test Recall":0.6004879307186031,"Test Precision":0.652402312599681,"Train Accuracy":0.6974655511811023,"_timestamp":1.7476721527261376e+09,"Train Recall":0.6193939012960888,"Test F1":0.4666307924977937,"Test AUPRC":0.8536180148292807,"Test loss":0.04247247391035707,"Epoch":10,"Test accuracy":47.90846456692913,"Train AUROC":0.7138800997374514,"Train Loss":0.036790205800069836,"Train F1":0.6244961837145204,"Train Precision":0.6523296285497858,"_wandb":{"runtime":1468},"_runtime":1464.6156306,"Test AUROC":0.7522436405650981,"Train AUPRC":0.8228978581395537,"_step":10}