{"Test AUPRC":0.8248182930729792,"Train Accuracy":0.33138533464566927,"Test Precision":0.1705216535433071,"Test AUROC":0.6925709134446998,"_step":10,"Train AUPRC":0.7659403379593926,"_wandb":{"runtime":2898},"Train Precision":0.16569266732283464,"Train AUROC":0.6660700275107456,"Test Recall":0.5,"_timestamp":1.7479081678623407e+09,"Test loss":0.04356926024018779,"_runtime":2897.5881267,"Train Loss":0.04299723158597829,"Train Recall":0.5,"Test F1":0.2543119266055046,"Train F1":0.24890264750727717,"Test accuracy":34.104330708661415,"Epoch":10}