{"_step":10,"Train Accuracy":0.6882997047244095,"Train Loss":0.037351748581579705,"_wandb":{"runtime":3663},"_timestamp":1.74749378532406e+09,"_runtime":3658.7265999,"Epoch":10,"Test Accuracy":64.34547244094489,"Test Loss":0.03799283730350141}