{"Epoch":10,"_wandb":{"runtime":822},"Test loss":0.033627680627497165,"Test AUROC":0.8494600437798692,"Test Precision":0.7491205649915744,"Train AUPRC":0.9049579186267173,"Train Recall":0.7586245299253308,"Train Accuracy":0.7939837598425197,"Test AUPRC":0.90726085032786,"_timestamp":1.7479090969026432e+09,"Test Recall":0.7749828161988217,"_runtime":822.3884738,"Train Loss":0.03167412080435361,"Test F1":0.751729221646836,"Train F1":0.7632502145970321,"Train AUROC":0.8472718840269816,"Test accuracy":76.27952755905511,"Train Precision":0.7690885685286183,"_step":10}