{"_timestamp":1.7455194270598044e+09,"_runtime":1397.939924,"_step":10,"Test Accuracy":68.7007874015748,"Epoch":10,"Test Loss":0.037894776640973224,"Train Loss":0.03874913556317938,"_wandb":{"runtime":1397},"Train Accuracy":0.6662770669291339}