{"Test accuracy":69.26673228346456,"Test Recall":0.5314370315941309,"Test Precision":0.706534876947721,"Test F1":0.4760771390148165,"Train Accuracy":0.69654281496063,"Test loss":0.03799951059641096,"_step":10,"Test AUPRC":0.841126603706829,"_timestamp":1.7477782949562812e+09,"_wandb":{"runtime":1664},"Train Recall":0.6220880980910303,"Test AUROC":0.7367003834385787,"Train Loss":0.03679054118436211,"Train Precision":0.6524335302699361,"_runtime":1642.5016702,"Epoch":10,"Train AUROC":0.7084676943610331,"Train F1":0.6272957836156209,"Train AUPRC":0.8098666905658446}