{"Epoch":10,"_timestamp":1.7479106208463838e+09,"Train AUROC":0.8631031007282474,"Test Recall":0.7805946355628387,"Test Precision":0.7589593901868181,"_step":10,"_wandb":{"runtime":755},"Train F1":0.7840082878392005,"Train Precision":0.7896892217319637,"Test F1":0.7657150886334597,"Train Loss":0.030748887246063963,"Train Recall":0.7794114738357256,"_runtime":755.3564741,"Test loss":0.032319397826891715,"Test AUPRC":0.9156082918046866,"Train AUPRC":0.9120221974636717,"Test accuracy":78.39566929133858,"Test AUROC":0.8548827077462398,"Train Accuracy":0.8109005905511811}