{"Train Loss":0.03912847477385378,"_runtime":1024.5903741,"Epoch":10,"Train Accuracy":0.6678149606299213,"Test Loss":0.04020457677396498,"Test Accuracy":66.21555118110236,"_timestamp":1.7366816044522302e+09,"_step":10,"_wandb":{"runtime":1024}}