{"Train Accuracy":0.6938976377952756,"Test loss":0.03650257360248819,"_runtime":3694.7788858,"Train Loss":0.0369821715656316,"Test accuracy":69.70964566929133,"_step":10,"Epoch":10,"_wandb":{"runtime":3696},"_timestamp":1.7476442580997357e+09}