{"Test accuracy":66.06791338582677,"Epoch":10,"Test F1":0.39853054545013544,"_step":10,"_runtime":6787.7640034,"Test Recall":0.5003623188405797,"_timestamp":1.747785111035032e+09,"Train Loss":0.0371236907644564,"Test AUROC":0.7070228298667358,"Train Accuracy":0.6918061023622047,"_wandb":{"runtime":6797},"Test AUPRC":0.8153759952027448,"Train Precision":0.6419606655152694,"Train AUROC":0.6886074783458102,"Train AUPRC":0.7966568679047723,"Test Precision":0.8302978095003692,"Test loss":0.039449916822527804,"Train Recall":0.6028754121058562,"Train F1":0.6057743719767829}