{"_step":25,"_wandb":{"runtime":17117},"Test AUPRC":0.8394385239649544,"Test accuracy":69.95570866141732,"Test loss":0.036541978161283364,"Test Precision":0.697249220062395,"Test AUROC":0.7401533333170236,"_runtime":17088.3078472,"Test Recall":0.571496470436011,"Train Recall":0.62614218086616,"Epoch":25,"Train AUROC":0.7249514838945545,"Train AUPRC":0.8282137510919196,"Test F1":0.5499779756797453,"Train Accuracy":0.7055241141732284,"Train F1":0.6320797661850057,"Train Precision":0.6631005190114163,"_timestamp":1.7478194688235652e+09,"Train Loss":0.036414574576893774}