{"Test F1":0.6878761496787542,"Test Precision":0.6943584911600544,"_wandb":{"runtime":6658},"Test AUROC":0.7641549709872008,"Train AUROC":0.7312137955865672,"Train Accuracy":0.7068774606299213,"_runtime":6655.5713771,"Train Precision":0.661627333315282,"Epoch":50,"Train Recall":0.6338523637999334,"Test accuracy":72.29330708661418,"Test Recall":0.683803021329219,"Train AUPRC":0.8360116224605659,"Test AUPRC":0.8460725704217601,"_step":50,"Train Loss":0.03611850313196971,"Test loss":0.03581796699445548,"_timestamp":1.7476937656573312e+09,"Train F1":0.640269654164163}