{"Train Recall":0.7827133387878039,"Train AUPRC":0.913339295244865,"Train F1":0.7867431716238933,"Train Precision":0.7915479203238197,"Test loss":0.03172907881497398,"Test AUROC":0.847676398895842,"_wandb":{"runtime":757},"Test Precision":0.7713807427482133,"_runtime":757.0043144,"_step":10,"Test F1":0.7721061166579198,"Train Accuracy":0.8138533464566929,"Test AUPRC":0.8953148404665598,"_timestamp":1.7479098609218473e+09,"Train Loss":0.030558609585167738,"Test Recall":0.772862039463418,"Train AUROC":0.8651404759105596,"Test accuracy":79.42913385826772,"Epoch":10}