{"_step":25,"Train AUPRC":0.8247372094366212,"Train AUROC":0.7183566354820314,"Test accuracy":60.77755905511811,"Train Accuracy":0.6986343503937008,"Train Recall":0.6286221314940292,"Train Precision":0.6546242354245346,"_timestamp":1.7478023673191674e+09,"Train Loss":0.036668741723566545,"Test loss":0.03920216249727358,"_runtime":3506.5578486,"Train F1":0.6342369118441041,"Test F1":0.6060107120058542,"Test AUROC":0.7333439670866999,"Test Precision":0.6510951481241462,"Test AUPRC":0.8476772746129442,"_wandb":{"runtime":3506},"Epoch":25,"Test Recall":0.6638894236322335}