{"Test accuracy": 75.02460629921259, "_timestamp": 1701789419.6529038, "_runtime": 1351.9053418636322, "_step": 0, "_wandb": {"runtime": 1345}}