{"_step":25,"Train AUROC":0.9070364358812064,"Test Precision":0.7959850467735492,"Train Accuracy":0.8625123031496063,"Test AUPRC":0.9110037056998724,"Test accuracy":81.2007874015748,"Test AUROC":0.8689931793260702,"_timestamp":1.7479164206525917e+09,"Train AUPRC":0.9381855383073208,"Test loss":0.030787734424798038,"Test Recall":0.7794295850584704,"Train F1":0.8423061260297589,"Train Recall":0.8374162254744613,"Test F1":0.7862818794828963,"Epoch":25,"Train Precision":0.8480504138717448,"_runtime":2010.881696,"_wandb":{"runtime":2013},"Train Loss":0.027842303497834116}