{"Test Loss":0.03642455481110126,"Train Loss":0.03657558927950486,"Train Accuracy":0.6993725393700787,"_runtime":1445.0859573,"_timestamp":1.7474901176858797e+09,"_step":10,"Epoch":10,"_wandb":{"runtime":1446},"Test Accuracy":71.18602362204724}