{"Train Loss":0.03725133062978312,"_wandb":{"runtime":1526},"Epoch":10,"_step":10,"Test accuracy":35.851377952755904,"Test loss":0.04577805147337632,"_timestamp":1.747640555423534e+09,"Train Accuracy":0.6911909448818898,"_runtime":1524.9974549}