{"Train F1":0.8610535706928714,"Train Loss":0.027005164522868323,"Test loss":0.02986889495331002,"Test F1":0.8009367842128298,"_timestamp":1.7479144020949516e+09,"Test Recall":0.7982560917343526,"Test Precision":0.8039158656731578,"Train AUROC":0.9166207703232756,"Train AUPRC":0.9416948924393151,"Train Precision":0.8630249884991681,"_runtime":1893.8163626,"Test AUROC":0.8866403336793142,"_step":25,"Test accuracy":82.60334645669292,"_wandb":{"runtime":1893},"Epoch":25,"Test AUPRC":0.9276996567911259,"Train Accuracy":0.8769069881889764,"Train Recall":0.8591963838797527}