{"Test Loss":0.039405128353928016,"Epoch":30,"Test Accuracy":67.71653543307086,"_step":30,"_wandb":{"runtime":3926},"_timestamp":1.7475070868254242e+09,"Train Accuracy":0.702632874015748,"Train Loss":0.036491755715124016,"_runtime":3926.7505132}