{"Test loss":0.03549943560015733,"Train Accuracy":0.703986220472441,"Train AUPRC":0.8327291447842582,"Train Precision":0.6612902653905466,"_runtime":34107.051585,"Train AUROC":0.727701429169733,"Test AUPRC":0.858384349421094,"Test accuracy":71.99803149606299,"Train F1":0.6392104030371022,"_timestamp":1.7478953098153932e+09,"_step":50,"Test Precision":0.6800766801606093,"Test AUROC":0.7602236322494331,"_wandb":{"runtime":34129},"Train Recall":0.633093306850468,"Epoch":50,"Test Recall":0.6585272211964908,"Train Loss":0.03644495526893343,"Test F1":0.6651913799394209}