{"Test Precision":0.8028684922664415,"Train Precision":0.9245789509907457,"Train Accuracy":0.930548720472441,"_step":50,"Test AUROC":0.8948437818132984,"_runtime":3782.9820185,"Test AUPRC":0.9362086428035896,"Test loss":0.030438784458564492,"Train AUROC":0.9479789342455051,"Train F1":0.9211324280458323,"Train Recall":0.9179484478836895,"Epoch":50,"Test Recall":0.830296223775012,"Train AUPRC":0.9602673878509312,"Train Loss":0.023861087625846267,"Test F1":0.8098543845437791,"_timestamp":1.7479202135186346e+09,"_wandb":{"runtime":3786},"Test accuracy":82.08661417322834}