{"Test accuracy": 69.73425196850394, "_timestamp": 1701782528.1836274, "_runtime": 5687.186322450638, "_step": 0, "_wandb": {"runtime": 5682}}