{"_runtime":4132.4748686,"_wandb":{"runtime":4139},"Test accuracy":82.89862204724409,"Epoch":50,"_timestamp":1.747928174550836e+09,"Train AUPRC":0.9623929594620506,"Train Recall":0.9271994573222635,"Test Recall":0.7898247838790738,"Test AUPRC":0.9239866518482229,"Train Accuracy":0.9367002952755905,"Train AUROC":0.9517032572291246,"Test AUROC":0.8825964155285924,"Test loss":0.03011177995014848,"Train Loss":0.023465763740828188,"Train F1":0.9286678569327297,"_step":50,"Test F1":0.7992104996199937,"Train Precision":0.9301912494152818,"Test Precision":0.8128018722597464}