{"_step":10,"Train Loss":0.031712664065765235,"Epoch":10,"Test Loss":0.032545204047025655,"Test Accuracy":77.11614173228347,"_wandb":{"runtime":725},"_runtime":725.1817763,"_timestamp":1.7455725777823777e+09,"Train Accuracy":0.7931225393700787}