{"Test accuracy": 66.46161417322834, "_timestamp": 1701788053.8289397, "_runtime": 5511.741473674774, "_step": 0, "_wandb": {"runtime": 5506}}