{"Test Precision":0.795959870392503,"Test AUROC":0.8759473865554531,"Train Accuracy":0.866326279527559,"Test accuracy":81.86515748031496,"Test Recall":0.8004450393519349,"Train Loss":0.027594366173193916,"Train F1":0.8475949162506938,"Test loss":0.03028542417152895,"Train Precision":0.8524461598899882,"Test F1":0.798086098404282,"_timestamp":1.7479125036578944e+09,"Epoch":25,"Test AUPRC":0.9199992861277028,"_wandb":{"runtime":1876},"_runtime":1876.1711378,"_step":25,"Train Recall":0.8433756808591075,"Train AUPRC":0.9413219691174355,"Train AUROC":0.9110649046701393}