{"Epoch":30,"Train Accuracy":0.6998031496062992,"Test Accuracy":66.58464566929133,"Train Loss":0.03663011941156812,"Test Loss":0.03743819619609615,"_wandb":{"runtime":10621},"_timestamp":1.7475177093386183e+09,"_step":30,"_runtime":10616.1332506}