{"_step":30,"Test loss":0.04230392972139392,"_runtime":4423.2853688,"Epoch":30,"Train Loss":0.03631261942218843,"_timestamp":1.7476585299425116e+09,"Train Accuracy":0.7047244094488189,"_wandb":{"runtime":4429},"Test accuracy":55.41338582677165}