{"Train Accuracy":0.6848548228346457,"_runtime":9348.9002148,"Train Loss":0.03720936898002768,"Test Accuracy":66.48622047244095,"_timestamp":1.7475031457536762e+09,"Test Loss":0.04052305988615423,"Epoch":10,"_wandb":{"runtime":9357},"_step":10}